id,Existing Customer,Attrited Customer
0,0.99647313,0.0035268688
1,0.9954653,0.0045347214
2,0.94800586,0.05199414
3,0.99127215,0.008727838
4,0.999535,0.0004649763
5,0.006070614,0.9939294
6,0.9993775,0.0006224856
7,0.99922025,0.0007797535
8,0.98522276,0.014777248
9,0.99871796,0.0012820191
10,0.99743706,0.0025629129
11,0.014337003,0.985663
12,0.9883416,0.011658361
13,0.99974847,0.00025152086
14,0.21220458,0.7877954
15,0.99757797,0.0024220461
16,0.99961084,0.00038915826
17,0.99559087,0.004409123
18,0.034199595,0.9658004
19,0.99746674,0.0025332829
20,0.99977386,0.0002261513
21,0.9995723,0.00042773012
22,0.99991196,8.806217e-05
23,0.9997814,0.00021856379
24,0.0074955225,0.9925045
25,0.99967635,0.0003236595
26,0.99752825,0.0024717494
27,0.9991425,0.00085749855
28,0.99974465,0.0002553227
29,0.99688935,0.0031106493
30,0.999217,0.0007830242
31,0.99970895,0.0002910724
32,0.9972126,0.0027873935
33,0.8133743,0.18662569
34,0.9937244,0.0062756063
35,0.999454,0.00054595165
36,0.9982627,0.0017373064
37,0.9996109,0.0003890822
38,0.20985669,0.7901433
39,0.9991557,0.00084432535
40,0.99941415,0.0005858595
41,0.2699796,0.7300204
42,0.9977526,0.0022473873
43,0.02630806,0.97369194
44,0.9976163,0.0023836812
45,0.9987075,0.001292541
46,0.99958885,0.00041117042
47,0.9552582,0.044741828
48,0.9998629,0.00013711883
49,0.99989074,0.00010927315
50,0.9985229,0.0014771404
51,0.87095296,0.12904704
52,0.99933165,0.0006683325
53,0.999387,0.00061300374
54,0.65681696,0.34318304
55,0.26460963,0.73539037
56,0.057532728,0.9424673
57,0.9990019,0.0009981042
58,0.99856734,0.0014326744
59,0.99495053,0.005049442
60,0.99983484,0.00016514244
61,0.34564996,0.65435004
62,0.99484056,0.0051594274
63,0.998824,0.0011760007
64,0.10332799,0.896672
65,0.9989233,0.0010767109
66,0.99099547,0.009004535
67,0.013098896,0.9869011
68,0.08092779,0.9190722
69,0.9997553,0.00024469433
70,0.9986644,0.0013356088
71,0.9998587,0.00014133479
72,0.99762625,0.0023737317
73,0.99826604,0.0017339513
74,0.9996175,0.00038247544
75,0.99986583,0.00013415483
76,0.9997046,0.00029540993
77,0.12692839,0.8730716
78,0.9785438,0.021456154
79,0.99972606,0.00027396422
80,0.99914503,0.00085495634
81,0.9999008,9.9191224e-05
82,0.9994161,0.00058387837
83,0.999878,0.000121992176
84,0.9963977,0.0036023224
85,0.9987588,0.001241215
86,0.32535636,0.67464364
87,0.99991167,8.832718e-05
88,0.99956393,0.00043607887
89,0.9989892,0.0010107664
90,0.9998067,0.00019331012
91,0.9898032,0.010196789
92,0.7575181,0.24248187
93,0.9996055,0.00039451336
94,0.99954385,0.00045612676
95,0.16776997,0.83223003
96,0.99869204,0.0013079889
97,0.9997243,0.000275697
98,0.03653729,0.9634627
99,0.99279207,0.007207945
100,0.018406034,0.98159397
101,0.9926232,0.0073767775
102,0.99929565,0.00070435664
103,0.9995915,0.00040846833
104,0.99954665,0.0004533754
105,0.99978507,0.00021493423
106,0.9999155,8.452353e-05
107,0.99858457,0.0014154561
108,0.99728644,0.0027135566
109,0.06804407,0.93195593
110,0.9998049,0.00019508695
111,0.13708305,0.86291695
112,0.9984709,0.0015290771
113,0.97382486,0.026175138
114,0.99942505,0.00057496317
115,0.9998196,0.00018043649
116,0.9995476,0.00045242647
117,0.9844681,0.015531904
118,0.9986774,0.001322608
119,0.99847907,0.0015209139
120,0.91021085,0.08978915
121,0.9990239,0.0009760923
122,0.9860616,0.013938431
123,0.9996416,0.0003583753
124,0.9996473,0.00035266747
125,0.9986345,0.0013654721
126,0.010585427,0.9894146
127,0.9880822,0.011917846
128,0.04810089,0.9518991
129,0.99972403,0.00027594605
130,0.9998661,0.0001338991
131,0.9511012,0.048898786
132,0.9986587,0.0013413127
133,0.99858373,0.0014162752
134,0.99978507,0.00021493895
135,0.9992728,0.0007271677
136,0.99555004,0.004449987
137,0.9999055,9.449541e-05
138,0.9994351,0.00056489516
139,0.20296156,0.79703844
140,0.99949193,0.0005080783
141,0.9998147,0.0001853086
142,0.9996195,0.00038051972
143,0.9994374,0.00056259567
144,0.99956167,0.0004383482
145,0.07973111,0.9202689
146,0.99979234,0.00020763309
147,0.006126046,0.99387395
148,0.99649066,0.0035093664
149,0.21332532,0.7866747
150,0.0064023733,0.9935976
151,0.0014154911,0.9985845
152,0.99965227,0.00034773612
153,0.027616203,0.9723838
154,0.99122745,0.008772526
155,0.99969167,0.00030831073
156,0.9996687,0.00033130328
157,0.9994394,0.00056060334
158,0.40662462,0.5933754
159,0.27817976,0.72182024
160,0.99968755,0.0003124281
161,0.99497795,0.0050220555
162,0.995248,0.0047519556
163,0.04959804,0.95040196
164,0.99974364,0.0002563391
165,0.950859,0.049141
166,0.90229493,0.09770508
167,0.99978906,0.00021092125
168,0.9972526,0.0027474
169,0.9993873,0.0006126962
170,0.99968725,0.0003127279
171,0.9994644,0.0005356199
172,0.02184856,0.97815144
173,0.9995473,0.00045269373
174,0.99971515,0.0002848798
175,0.9937058,0.006294219
176,0.9997866,0.00021340985
177,0.99739736,0.002602627
178,0.9986419,0.0013580674
179,0.97553277,0.024467256
180,0.007203996,0.992796
181,0.999445,0.00055495946
182,0.41870207,0.58129793
183,0.99935704,0.0006429532
184,0.99636495,0.003635035
185,0.021815062,0.97818494
186,0.99938303,0.0006169895
187,0.99877614,0.0012238655
188,0.9666663,0.033333704
189,0.9765944,0.023405619
190,0.99891293,0.0010870659
191,0.0020288825,0.9979711
192,0.10478258,0.8952174
193,0.6434442,0.35655585
194,0.99965876,0.00034124934
195,0.9995766,0.00042340113
196,0.9989974,0.0010025894
197,0.9967396,0.0032603801
198,0.9968234,0.0031766272
199,0.9995346,0.0004654173
200,0.05530095,0.94469905
201,0.4596539,0.5403461
202,0.9979711,0.0020288986
203,0.9995225,0.00047749735
204,0.98583823,0.014161737
205,0.9988656,0.0011344029
206,0.9997764,0.00022360432
207,0.9929808,0.0070192134
208,0.8895904,0.1104096
209,0.99634486,0.0036551268
210,0.9996666,0.000333438
211,0.9994456,0.000554411
212,0.004330039,0.99566996
213,0.0022662878,0.9977337
214,0.99830836,0.0016916171
215,0.99913824,0.0008617464
216,0.11213708,0.8878629
217,0.9972539,0.0027461147
218,0.999604,0.00039603797
219,0.004349053,0.99565095
220,0.99945045,0.0005495384
221,0.0072146654,0.99278533
222,0.9972272,0.0027727857
223,0.9990665,0.0009335143
224,0.21342528,0.7865747
225,0.98639053,0.01360945
226,0.5962218,0.4037782
227,0.99959093,0.00040903798
228,0.99977463,0.00022535573
229,0.9985751,0.0014249356
230,0.99724376,0.0027562408
231,0.016408563,0.98359144
232,0.99939245,0.00060756004
233,0.9995382,0.00046182636
234,0.9997875,0.00021248683
235,0.66665554,0.33334446
236,0.00043839216,0.9995616
237,0.99879134,0.0012086453
238,0.9997456,0.0002543809
239,0.99485856,0.005141408
240,0.6828344,0.3171656
241,0.9987259,0.0012741284
242,0.84589684,0.15410319
243,0.9811119,0.018888136
244,0.9904263,0.009573677
245,0.37260062,0.6273994
246,0.9998607,0.00013932234
247,0.99028856,0.009711443
248,0.9984934,0.0015066226
249,0.99984473,0.00015524357
250,0.999856,0.00014398969
251,0.969321,0.030678969
252,0.99519473,0.004805256
253,0.99366707,0.0063329535
254,0.99984324,0.00015675051
255,0.9956182,0.0043817977
256,0.9988414,0.0011586171
257,0.99455833,0.005441662
258,0.995954,0.0040460303
259,0.99793965,0.0020603528
260,0.05003208,0.9499679
261,0.99989617,0.00010380401
262,0.9818021,0.0181979
263,0.023212075,0.9767879
264,0.9885172,0.011482774
265,0.9997749,0.00022509955
266,0.9969874,0.0030125796
267,0.9997097,0.0002902801
268,0.9995411,0.00045890766
269,0.9960067,0.003993293
270,0.99621254,0.0037874524
271,0.9996727,0.0003272893
272,0.998517,0.0014830423
273,0.99390256,0.0060974173
274,0.9946571,0.005342914
275,0.9762697,0.02373029
276,0.99072844,0.009271552
277,0.9937444,0.006255652
278,0.7149477,0.28505233
279,0.9975738,0.002426232
280,0.9996591,0.00034090874
281,0.99944735,0.00055266195
282,0.9910091,0.008990887
283,0.006098151,0.99390185
284,0.99871176,0.00128821
285,0.032775223,0.9672248
286,0.9855745,0.0144254975
287,0.96214616,0.037853863
288,0.99115443,0.008845566
289,0.99320567,0.0067943544
290,0.99163383,0.008366172
291,0.99718535,0.0028146263
292,0.9991816,0.000818401
293,0.9978591,0.002140904
294,0.0026170611,0.99738294
295,0.9992532,0.00074677373
296,0.9991411,0.00085888297
297,0.99983734,0.0001626593
298,0.9771868,0.022813179
299,0.9997782,0.0002217779
300,0.9972345,0.002765487
301,0.9968419,0.0031581183
302,0.999837,0.00016302342
303,0.99923474,0.0007652806
304,0.9999373,6.270093e-05
305,0.9935727,0.006427308
306,0.99944085,0.00055912544
307,0.9959459,0.0040541277
308,0.96482444,0.03517558
309,0.9998149,0.00018505681
310,0.9653436,0.034656387
311,0.99976134,0.00023866071
312,0.06661117,0.9333888
313,0.99819386,0.0018061539
314,0.9998938,0.00010619611
315,0.9997581,0.00024187927
316,0.9988414,0.0011586165
317,0.99772817,0.0022718182
318,0.0010348558,0.99896514
319,0.99801296,0.0019870393
320,0.9887136,0.011286398
321,0.6890545,0.3109455
322,0.9965526,0.0034474093
323,0.9996328,0.00036722075
324,0.99269396,0.007306028
325,0.985674,0.014325991
326,0.99921346,0.000786515
327,0.9995691,0.0004309071
328,0.86969775,0.13030227
329,0.98924756,0.010752425
330,0.98601145,0.013988544
331,0.9978466,0.0021534183
332,0.9969918,0.0030082117
333,0.9998834,0.00011660758
334,0.9988292,0.0011708088
335,0.99733084,0.0026691826
336,0.9889319,0.011068078
337,0.1510638,0.8489362
338,0.99767494,0.0023250498
339,0.998881,0.001119044
340,0.9973981,0.0026019325
341,0.34834117,0.65165883
342,0.9954449,0.004555132
343,0.9998501,0.00014990986
344,0.9980075,0.001992521
345,0.0005081892,0.9994918
346,0.99971086,0.00028915895
347,0.98157394,0.018426055
348,0.99824387,0.0017561301
349,0.9992228,0.00077717233
350,0.9991449,0.0008550993
351,0.004228413,0.9957716
352,0.99895006,0.0010499561
353,0.24038899,0.759611
354,0.9996293,0.00037066423
355,0.9922979,0.007702139
356,0.9992368,0.00076315564
357,0.7456616,0.2543384
358,0.9978689,0.002131087
359,0.9996089,0.0003911334
360,0.9997334,0.00026660113
361,0.9991389,0.0008611238
362,0.9991109,0.0008891158
363,0.9997403,0.00025967616
364,0.99983954,0.00016043564
365,0.01903528,0.9809647
366,0.99621904,0.0037809468
367,0.9998011,0.00019892027
368,0.9997768,0.00022318962
369,0.99868107,0.0013189084
370,0.99916947,0.0008305558
371,0.9988937,0.0011063216
372,0.9899512,0.010048815
373,0.99985087,0.00014911861
374,0.9989704,0.0010296361
375,0.9969433,0.003056692
376,0.99569535,0.0043046535
377,0.99928296,0.0007170465
378,0.9988403,0.0011597384
379,0.999656,0.00034395716
380,0.89588904,0.104110986
381,0.99943113,0.0005688694
382,0.9990779,0.00092209585
383,0.0070214868,0.9929785
384,0.9997087,0.00029126593
385,0.9335121,0.0664879
386,0.99846715,0.0015328382
387,0.9995232,0.00047679007
388,0.99829173,0.0017082447
389,0.9979148,0.00208522
390,0.803575,0.19642502
391,0.9990257,0.00097427634
392,0.03278202,0.967218
393,0.91773325,0.08226676
394,0.9982576,0.0017423956
395,0.9992477,0.00075224804
396,0.99966323,0.00033675096
397,0.87368,0.12632
398,0.99987847,0.00012153772
399,0.99630046,0.0036995169
400,0.9997154,0.00028461072
401,0.99949825,0.0005017464
402,0.9928112,0.0071888175
403,0.9994224,0.000577644
404,0.9968861,0.00311391
405,0.9949196,0.0050804056
406,0.9992017,0.00079830195
407,0.0012074709,0.9987925
408,0.9995773,0.00042269076
409,0.99468315,0.005316881
410,0.026313722,0.9736863
411,0.7438804,0.25611958
412,0.79728216,0.20271783
413,0.9848417,0.015158281
414,0.99973017,0.00026983419
415,0.999587,0.00041297305
416,0.9999209,7.909655e-05
417,0.9996692,0.00033079574
418,0.9994107,0.0005893279
419,0.9998085,0.0001915005
420,0.99875855,0.0012414297
421,0.9980478,0.0019521613
422,0.99760145,0.0023985477
423,0.98683375,0.013166225
424,0.9987175,0.0012825294
425,0.99912775,0.0008722482
426,0.9989171,0.0010828984
427,0.99907315,0.0009268483
428,0.7195351,0.28046492
429,0.99339944,0.006600559
430,0.99976444,0.00023556218
431,0.02015394,0.97984606
432,0.33044523,0.66955477
433,0.99663985,0.0033601373
434,0.9996547,0.0003452869
435,0.9985017,0.0014982554
436,0.9978291,0.002170936
437,0.1689784,0.8310216
438,0.9998978,0.00010219786
439,0.9973023,0.0026976985
440,0.99808437,0.0019156229
441,0.9993118,0.00068821444
442,0.99975914,0.00024085773
443,0.9985139,0.0014861361
444,0.9999275,7.246286e-05
445,0.9995824,0.00041758834
446,0.9996948,0.0003051775
447,0.99907774,0.000922236
448,0.52652925,0.47347075
449,0.99745524,0.0025447384
450,0.996993,0.0030070066
451,0.99927753,0.0007224845
452,0.9974801,0.0025199063
453,0.99978495,0.00021507384
454,0.99861574,0.0013842843
455,0.99218506,0.007814964
456,0.9997998,0.00020022584
457,0.99931437,0.0006856397
458,0.9993449,0.0006551332
459,0.9671798,0.032820217
460,0.9993046,0.00069539977
461,0.9870022,0.012997794
462,0.99992627,7.373429e-05
463,0.9988274,0.0011726309
464,0.99795306,0.0020469704
465,0.9998176,0.00018240973
466,0.99782425,0.0021757404
467,0.7757731,0.22422689
468,0.999393,0.00060702756
469,0.99730086,0.0026991346
470,0.9904996,0.009500388
471,0.9999234,7.657266e-05
472,0.046800733,0.95319927
473,0.99864775,0.0013522286
474,0.006140232,0.99385977
475,0.9961781,0.0038219374
476,0.7800719,0.21992807
477,0.05021012,0.9497899
478,0.99977714,0.00022284365
479,0.9988761,0.0011238953
480,0.9997972,0.00020278037
481,0.9999156,8.437488e-05
482,0.9996012,0.00039881773
483,0.22523057,0.7747694
484,0.9994753,0.00052468036
485,0.99367654,0.0063234787
486,0.047844827,0.9521552
487,0.9996232,0.00037683794
488,0.23951381,0.7604862
489,0.9939852,0.0060148435
490,0.99974126,0.0002587558
491,0.99973756,0.0002624239
492,0.99908036,0.0009196286
493,0.99957556,0.00042441866
494,0.9956795,0.004320479
495,0.7971588,0.20284122
496,0.9993751,0.00062486826
497,0.99937665,0.0006233464
498,0.9999232,7.675931e-05
499,0.99924934,0.00075067044
500,0.9566739,0.043326072
501,0.47008932,0.5299107
502,0.9484308,0.051569235
503,0.9964727,0.0035272976
504,0.99088246,0.009117544
505,0.98382175,0.016178241
506,0.9998219,0.00017811041
507,0.99984485,0.00015514635
508,0.9945676,0.005432454
509,0.9778742,0.022125794
510,0.9998353,0.00016471028
511,0.9969467,0.0030532836
512,0.0056435466,0.99435645
513,0.8855993,0.1144007
514,0.9964325,0.0035675177
515,0.99939793,0.00060207286
516,0.99979085,0.00020912342
517,0.99399865,0.0060013337
518,0.9544079,0.045592137
519,0.99123085,0.008769135
520,0.98512846,0.014871555
521,0.9997191,0.00028092842
522,0.9971262,0.0028737793
523,0.99947107,0.00052891753
524,0.9988482,0.0011517752
525,0.9994972,0.0005028491
526,0.99983084,0.00016914959
527,0.0020997524,0.99790025
528,0.004268348,0.99573165
529,0.99967134,0.00032866886
530,0.99605733,0.003942668
531,0.99948245,0.0005175188
532,0.889582,0.11041801
533,0.95888436,0.041115653
534,0.99920833,0.00079167145
535,0.9675044,0.032495603
536,0.8458983,0.1541017
537,0.9996994,0.00030058395
538,0.99991816,8.184686e-05
539,0.993123,0.0068770163
540,0.99965876,0.00034124544
541,0.9993982,0.00060184166
542,0.99881387,0.0011861353
543,0.9997474,0.00025263
544,0.99971616,0.00028382492
545,0.99876016,0.0012398238
546,0.99877816,0.0012218225
547,0.99943,0.00056997687
548,0.04700756,0.95299244
549,0.99742657,0.0025734566
550,0.9996963,0.00030366427
551,0.99869853,0.0013014736
552,0.009097874,0.9909021
553,0.0035789013,0.9964211
554,0.017634213,0.9823658
555,0.997701,0.0022990338
556,0.9993779,0.00062206865
557,0.9941474,0.005852568
558,0.9995955,0.00040445355
559,0.9989189,0.001081125
560,0.99444175,0.0055582738
561,0.92027843,0.07972154
562,0.105630815,0.8943692
563,0.999163,0.0008370142
564,0.9991074,0.00089256576
565,0.8243844,0.1756156
566,0.99698085,0.0030191506
567,0.99173653,0.0082634855
568,0.9973399,0.0026600878
569,0.99972445,0.00027553644
570,0.9997682,0.00023182828
571,0.99790096,0.0020990376
572,0.9998579,0.00014210262
573,0.99978715,0.00021286684
574,0.9970248,0.002975232
575,0.9983594,0.0016406156
576,0.9992432,0.0007568248
577,0.99976265,0.00023734749
578,0.9994704,0.0005295577
579,0.06340021,0.9365998
580,0.9588915,0.041108478
581,0.9980419,0.0019580817
582,0.9992568,0.00074321294
583,0.99972415,0.0002758345
584,0.99930215,0.0006978698
585,0.97100914,0.028990863
586,0.99941,0.00059001043
587,0.9997075,0.0002925054
588,0.9950589,0.0049411166
589,0.058527052,0.94147295
590,0.99952894,0.00047105696
591,0.9992227,0.0007772849
592,0.9203934,0.07960657
593,0.99722683,0.0027731895
594,0.983066,0.016933987
595,0.99916583,0.0008341498
596,0.9959886,0.004011419
597,0.99912316,0.0008768301
598,0.32879406,0.67120594
599,0.9974182,0.0025817733
600,0.9998072,0.00019279728
601,0.99982995,0.00017004531
602,0.9920864,0.007913586
603,0.9998612,0.0001387942
604,0.0017603636,0.99823964
605,0.99944377,0.0005562402
606,0.9987324,0.0012676313
607,0.99979484,0.00020517214
608,0.9992029,0.0007970914
609,0.024798095,0.9752019
610,0.9999468,5.3238608e-05
611,0.9992914,0.00070856244
612,0.99909574,0.000904237
613,0.99934274,0.0006572429
614,0.005007565,0.99499243
615,0.9995707,0.00042926654
616,0.99935883,0.00064116245
617,0.999583,0.00041700777
618,0.7388961,0.26110393
619,0.999649,0.0003510249
620,0.99555284,0.0044471677
621,0.99974376,0.00025622352
622,0.99880457,0.001195458
623,0.9994734,0.0005266156
624,0.000556767,0.99944323
625,0.99771357,0.0022864575
626,0.9994672,0.0005328356
627,0.99991083,8.91535e-05
628,0.9998006,0.00019938342
629,0.99990207,9.793387e-05
630,0.95824003,0.041759968
631,0.15680665,0.84319335
632,0.99975723,0.00024274264
633,0.99946207,0.0005379156
634,0.9998747,0.00012528052
635,0.9993756,0.0006244402
636,0.9997012,0.00029877943
637,0.9998137,0.0001863286
638,0.99941397,0.0005860271
639,0.991618,0.008382038
640,0.430295,0.569705
641,0.99969435,0.0003056466
642,0.0014231205,0.9985769
643,0.9991563,0.0008436988
644,0.9987828,0.0012171796
645,0.9997832,0.00021679443
646,0.99903804,0.0009619449
647,0.99892926,0.0010707363
648,0.9986047,0.0013952598
649,0.9991902,0.00080978597
650,0.9949224,0.005077584
651,0.99972767,0.00027231683
652,0.99983484,0.00016516038
653,0.99849963,0.001500372
654,0.039736748,0.96026325
655,0.9992028,0.00079723157
656,0.9988591,0.0011409025
657,0.9973267,0.0026733072
658,0.99961066,0.00038933413
659,0.9992938,0.00070622517
660,0.67334783,0.32665217
661,0.99972343,0.0002765808
662,0.9994343,0.0005657058
663,0.9992769,0.0007231182
664,0.999838,0.00016201213
665,0.9950074,0.0049926103
666,0.91877484,0.08122518
667,0.921717,0.078283034
668,0.9836547,0.016345333
669,0.95574415,0.04425587
670,0.9986403,0.0013597239
671,0.9978897,0.002110277
672,0.999886,0.000114002956
673,0.9978541,0.0021459074
674,0.98272187,0.017278148
675,0.22235143,0.77764857
676,0.99988055,0.00011947377
677,0.8883146,0.11168541
678,0.9997117,0.00028828194
679,0.004886031,0.99511397
680,0.9990118,0.0009882052
681,0.9883853,0.011614702
682,0.014186561,0.98581344
683,0.99962467,0.00037532925
684,0.997085,0.0029150345
685,0.0024192333,0.99758077
686,0.99434197,0.0056580543
687,0.99991125,8.877953e-05
688,0.99372995,0.0062700748
689,0.6560848,0.34391525
690,0.99903923,0.0009607949
691,0.98869294,0.011307062
692,0.99634796,0.0036520564
693,0.99851435,0.0014856579
694,0.9809649,0.019035071
695,0.980518,0.01948199
696,0.9996517,0.0003483576
697,0.9989844,0.0010156212
698,0.9993251,0.00067490054
699,0.9992545,0.00074547355
700,0.9951206,0.004879426
701,0.99932396,0.00067605835
702,0.9930604,0.006939578
703,0.9995354,0.00046463896
704,0.70525897,0.29474106
705,0.9997107,0.00028931999
706,0.99973667,0.00026334453
707,0.93695676,0.06304323
708,0.84987193,0.15012808
709,0.99927837,0.0007216082
710,0.013093889,0.9869061
711,0.99943346,0.00056654436
712,0.99926406,0.0007359195
713,0.9951894,0.0048105605
714,0.9995798,0.0004201861
715,0.0145817995,0.9854182
716,0.9935848,0.0064151753
717,0.9968079,0.003192131
718,0.9991089,0.00089109107
719,0.99839437,0.0016056395
720,0.9751858,0.02481421
721,0.9967077,0.0032923487
722,0.99570477,0.0042952294
723,0.9992775,0.00072252715
724,0.99946076,0.0005392637
725,0.69409823,0.30590174
726,0.9996882,0.00031181335
727,0.037106276,0.9628937
728,0.99929255,0.0007074367
729,0.9996312,0.00036875973
730,0.8472786,0.15272138
731,0.9983158,0.0016841649
732,0.99941146,0.0005885516
733,0.9928786,0.007121371
734,0.9996599,0.0003400847
735,0.9985378,0.0014621927
736,0.9993852,0.00061481993
737,0.9957129,0.004287137
738,0.50132376,0.49867624
739,0.936812,0.06318803
740,0.99961656,0.00038340743
741,0.7154479,0.2845521
742,0.007152617,0.9928474
743,0.9998308,0.00016918911
744,0.25867957,0.74132043
745,0.99517936,0.004820659
746,0.99882805,0.001171976
747,0.9967671,0.0032328947
748,0.99959147,0.00040852497
749,0.9997515,0.00024852043
750,0.99959475,0.00040525457
751,0.9999428,5.7220597e-05
752,0.99985963,0.00014037019
753,0.028753221,0.9712468
754,0.55974793,0.44025204
755,0.99561304,0.004386937
756,0.9745515,0.025448516
757,0.9994368,0.00056320947
758,0.9960795,0.003920499
759,0.9996027,0.00039732465
760,0.9996768,0.00032315106
761,0.9903871,0.009612897
762,0.99984354,0.00015645665
763,0.9209244,0.079075605
764,0.9996313,0.0003686868
765,0.99589634,0.004103644
766,0.9998867,0.00011329454
767,0.9912921,0.008707897
768,0.9998606,0.00013941695
769,0.99958885,0.00041115104
770,0.9966197,0.0033802777
771,0.9997443,0.00025571883
772,0.99972016,0.00027982894
773,0.9999311,6.8886984e-05
774,0.9937573,0.006242691
775,0.99944067,0.0005593408
776,0.048989236,0.95101076
777,0.9685526,0.031447396
778,0.97828275,0.021717256
779,0.15836185,0.84163815
780,0.21181011,0.7881899
781,0.9980536,0.0019463929
782,0.99982256,0.00017742088
783,0.647885,0.35211498
784,0.9958057,0.0041943397
785,0.9899907,0.010009289
786,0.99744326,0.0025567124
787,0.99952143,0.00047856523
788,0.99643314,0.003566838
789,0.9986778,0.0013221804
790,0.0030332208,0.9969668
791,0.002932012,0.997068
792,0.9986211,0.0013789048
793,0.99952936,0.0004706216
794,0.9971722,0.0028278155
795,0.99975646,0.00024354334
796,0.9964981,0.003501909
797,0.047385097,0.9526149
798,0.47670048,0.5232995
799,0.99978423,0.00021574854
800,0.99195963,0.00804038
801,0.99949276,0.00050725153
802,0.9947284,0.005271631
803,0.99617136,0.0038286515
804,0.99970454,0.0002954578
805,0.99447286,0.0055271415
806,0.99932474,0.0006752335
807,0.9744887,0.025511298
808,0.02270919,0.9772908
809,0.9986883,0.0013117241
810,0.97558475,0.024415234
811,0.998605,0.001395004
812,0.9997425,0.00025746383
813,0.9945095,0.005490477
814,0.99930316,0.0006968148
815,0.9996393,0.00036072274
816,0.99964637,0.00035360473
817,0.95343244,0.046567563
818,0.9920661,0.007933909
819,0.99733996,0.0026600373
820,0.9995941,0.00040588417
821,0.0053875446,0.99461246
822,0.9956145,0.004385459
823,0.99425966,0.005740345
824,0.9995791,0.00042090387
825,0.9989516,0.0010483883
826,0.9991278,0.0008721839
827,0.98796445,0.012035531
828,0.9975782,0.0024217903
829,0.9991778,0.00082218304
830,0.999821,0.00017902096
831,0.9998179,0.00018207541
832,0.9949575,0.005042492
833,0.95987326,0.040126715
834,0.99492264,0.005077348
835,0.9393743,0.06062567
836,0.99959254,0.00040744996
837,0.9983171,0.0016829025
838,0.9966546,0.0033453512
839,0.017155766,0.98284423
840,0.99988776,0.00011222362
841,0.99971706,0.00028295247
842,0.9996587,0.00034129148
843,0.999613,0.00038701764
844,0.9997541,0.00024593135
845,0.9985855,0.001414465
846,0.99969107,0.00030895718
847,0.99986523,0.00013475805
848,0.99564946,0.004350537
849,0.99885845,0.0011415298
850,0.99975526,0.00024474028
851,0.9812374,0.018762566
852,0.046904624,0.9530954
853,0.99869967,0.0013003313
854,0.0022785068,0.9977215
855,0.999794,0.00020596989
856,0.99787027,0.0021297561
857,0.9997551,0.00024490553
858,0.99795824,0.0020417657
859,0.9819657,0.018034263
860,0.9559374,0.044062626
861,0.9994192,0.00058076915
862,0.9891301,0.010869909
863,0.99968845,0.0003115477
864,0.002708137,0.99729186
865,0.99663794,0.0033620575
866,0.99938047,0.0006195147
867,0.12692505,0.87307495
868,0.050958097,0.9490419
869,0.99982566,0.00017435786
870,0.2074287,0.7925713
871,0.19709027,0.80290973
872,0.96741736,0.032582615
873,0.9991322,0.00086779654
874,0.9995088,0.0004912157
875,0.0010691285,0.9989309
876,0.99934953,0.00065048167
877,0.9993309,0.00066914957
878,0.05683422,0.9431658
879,0.9997988,0.0002012458
880,0.99919355,0.0008064743
881,0.9991133,0.00088667334
882,0.99958193,0.0004180783
883,0.9991504,0.0008495775
884,0.54339844,0.45660156
885,0.9995153,0.0004847137
886,0.99933827,0.0006617548
887,0.9997675,0.00023252405
888,0.99913436,0.000865663
889,0.97810566,0.02189431
890,0.9991891,0.0008109505
891,0.99943084,0.000569165
892,0.9983706,0.001629412
893,0.99938214,0.0006178584
894,0.99992836,7.161986e-05
895,0.99977654,0.00022347474
896,0.9959086,0.0040914044
897,0.99746317,0.002536823
898,0.96709156,0.032908417
899,0.99923116,0.0007688375
900,0.32998013,0.67001987
901,0.010766864,0.98923314
902,0.99847263,0.001527349
903,0.9985069,0.0014930833
904,0.9978569,0.0021431043
905,0.99853826,0.0014617501
906,0.9997578,0.00024215435
907,0.9995225,0.00047752145
908,0.999629,0.0003710008
909,0.77172005,0.22827998
910,0.996376,0.0036239987
911,0.9994798,0.00052020035
912,0.9987738,0.0012261857
913,0.0013653636,0.99863464
914,0.99023765,0.009762339
915,0.6741343,0.3258657
916,0.005291581,0.9947084
917,0.99421656,0.005783412
918,0.30177504,0.69822496
919,0.93631124,0.06368874
920,0.015860438,0.98413956
921,0.99635196,0.0036480383
922,0.00074476004,0.99925524
923,0.9998387,0.00016131505
924,0.1266129,0.8733871
925,0.99707294,0.002927063
926,0.9985469,0.0014531015
927,0.99872696,0.0012730234
928,0.9969676,0.0030323653
929,0.9999473,5.271643e-05
930,0.9997798,0.00022016675
931,0.9714908,0.028509194
932,0.9998525,0.00014753766
933,0.9899853,0.010014701
934,0.010835588,0.9891644
935,0.07590717,0.9240928
936,0.99914706,0.00085293874
937,0.9997443,0.00025573198
938,0.9993628,0.0006372018
939,0.99981207,0.00018791546
940,0.99153584,0.008464163
941,0.99582374,0.004176269
942,0.9904318,0.009568185
943,0.99174875,0.008251275
944,0.9955189,0.0044810865
945,0.99823254,0.0017674598
946,0.9792381,0.020761888
947,0.99731386,0.0026861455
948,0.9935574,0.0064426
949,0.9997486,0.00025143838
950,0.99937123,0.0006287933
951,0.99814487,0.0018551348
952,0.99694556,0.0030544447
953,0.99964535,0.00035466434
954,0.99674904,0.003250969
955,0.9933224,0.00667762
956,0.999694,0.0003060166
957,0.9974443,0.002555713
958,0.99984765,0.00015237757
959,0.9998593,0.00014069863
960,0.23862225,0.76137775
961,0.022823036,0.97717696
962,0.999923,7.702115e-05
963,0.99946326,0.0005367471
964,0.9079871,0.092012905
965,0.013900995,0.986099
966,0.0018661618,0.99813384
967,0.035719812,0.9642802
968,0.99777365,0.0022263676
969,0.98138523,0.018614778
970,0.99956113,0.00043884135
971,0.9999089,9.1055845e-05
972,0.99941576,0.0005842678
973,0.9980546,0.0019453575
974,0.99944496,0.00055505626
975,0.26551408,0.7344859
976,0.99982303,0.00017697584
977,0.15338951,0.8466105
978,0.95752007,0.04247996
979,0.960802,0.039197996
980,0.3023113,0.6976887
981,0.99870145,0.0012985385
982,0.90488017,0.095119834
983,0.99321055,0.0067894626
984,0.92926276,0.070737265
985,0.9997551,0.00024489925
986,0.76799846,0.23200157
987,0.97686523,0.023134777
988,0.95807904,0.041920945
989,0.99974877,0.0002512153
990,0.94393873,0.056061286
991,0.999796,0.00020403792
992,0.11814785,0.88185215
993,0.29134262,0.7086574
994,0.9469625,0.053037543
995,0.9998239,0.00017609968
996,0.99945307,0.00054693973
997,0.9998398,0.00016020268
998,0.99970603,0.00029396528
999,0.9988516,0.0011484037
1000,0.99960595,0.00039405088
1001,0.9989655,0.0010345017
1002,0.99953663,0.00046337393
1003,0.99865794,0.0013420505
1004,0.99904925,0.0009507485
1005,0.9998056,0.00019436932
1006,0.18128258,0.8187174
1007,0.8346114,0.16538861
1008,0.99353236,0.0064676465
1009,0.99509186,0.0049081272
1010,0.99815726,0.001842726
1011,0.99984384,0.00015619103
1012,0.9995568,0.00044324002
1013,0.99814636,0.0018536247
1014,0.24399525,0.75600475
1015,0.999704,0.00029596727
1016,0.99968344,0.00031656455
1017,0.9959798,0.0040202304
1018,0.99914473,0.00085528713
1019,0.9996768,0.00032320563
1020,0.9976876,0.002312413
1021,0.9997351,0.0002648611
1022,0.9998137,0.00018634992
1023,0.9913946,0.0086054
1024,0.99647075,0.0035292627
1025,0.9961218,0.0038781806
1026,0.99993384,6.614859e-05
1027,0.9995816,0.00041839684
1028,0.9999229,7.714846e-05
1029,0.9997307,0.00026928112
1030,0.99390715,0.0060928534
1031,0.9998439,0.00015610034
1032,0.99988097,0.00011904616
1033,0.9995096,0.00049042405
1034,0.027297914,0.9727021
1035,0.9403604,0.05963955
1036,0.96888703,0.031112976
1037,0.9994874,0.00051262765
1038,0.079582274,0.9204177
1039,0.991862,0.008138011
1040,0.81885403,0.18114597
1041,0.010820389,0.9891796
1042,0.998804,0.0011960047
1043,0.9954417,0.004558318
1044,0.9986168,0.0013831839
1045,0.98955595,0.010444041
1046,0.9992352,0.00076480315
1047,0.00906533,0.99093467
1048,0.025005281,0.9749947
1049,0.64308625,0.35691375
1050,0.9960578,0.0039422093
1051,0.99794436,0.0020556708
1052,0.99953145,0.0004685721
1053,0.9999129,8.708695e-05
1054,0.99988264,0.00011736145
1055,0.9998721,0.00012790924
1056,0.9997178,0.00028225116
1057,0.98917687,0.010823108
1058,0.9996442,0.00035579593
1059,0.0007777214,0.9992223
1060,0.9998785,0.00012147225
1061,0.9962407,0.00375931
1062,0.9969581,0.003041935
1063,0.01916176,0.98083824
1064,0.9515112,0.048488777
1065,0.99408555,0.0059144404
1066,0.9993408,0.00065922906
1067,0.897298,0.10270202
1068,0.96205205,0.03794797
1069,0.9998921,0.000107866
1070,0.9989024,0.0010976233
1071,0.9988389,0.0011610853
1072,0.013040006,0.98696
1073,0.6057175,0.39428252
1074,0.86798203,0.13201794
1075,0.8408379,0.1591621
1076,0.067914605,0.9320854
1077,0.99753773,0.0024622444
1078,0.9996404,0.00035960705
1079,0.8073884,0.19261156
1080,0.9984676,0.0015323486
1081,0.33790594,0.66209406
1082,0.99949324,0.0005067683
1083,0.99868643,0.001313588
1084,0.9996272,0.00037281838
1085,0.99961066,0.00038933323
1086,0.037162483,0.9628375
1087,0.99963987,0.0003601599
1088,0.9862694,0.013730563
1089,0.99987096,0.00012906297
1090,0.99869996,0.0013000161
1091,0.9404938,0.059506178
1092,0.99969226,0.0003077431
1093,0.99959064,0.0004093518
1094,0.9956796,0.004320374
1095,0.9998934,0.000106587715
1096,0.99931955,0.00068042695
1097,0.99928814,0.0007118708
1098,0.9974262,0.0025737677
1099,0.0044022202,0.9955978
1100,0.00379771,0.9962023
1101,0.09599894,0.90400106
1102,0.99489874,0.0051012626
1103,0.3964066,0.6035934
1104,0.9988585,0.0011414787
1105,0.9958795,0.0041205464
1106,0.99830437,0.0016956555
1107,0.9984485,0.0015514835
1108,0.9928074,0.00719263
1109,0.9984888,0.0015111933
1110,0.9870757,0.012924293
1111,0.99898404,0.0010159846
1112,0.9954167,0.0045833136
1113,0.9996931,0.00030689457
1114,0.99979913,0.00020087294
1115,0.029081106,0.9709189
1116,0.9996166,0.00038336907
1117,0.9982759,0.0017241512
1118,0.9996936,0.0003064198
1119,0.99803996,0.0019600685
1120,0.99937016,0.0006298429
1121,0.7046773,0.29532272
1122,0.99142987,0.0085701365
1123,0.00093895197,0.99906105
1124,0.59763515,0.40236482
1125,0.9998037,0.00019626516
1126,0.99758023,0.0024197407
1127,0.9742562,0.025743768
1128,0.9964533,0.0035466903
1129,0.99990994,9.0043526e-05
1130,0.8533027,0.14669731
1131,0.9610433,0.03895669
1132,0.9968241,0.0031759206
1133,0.962012,0.037988007
1134,0.99522704,0.0047729453
1135,0.9982866,0.0017134241
1136,0.99948466,0.0005153283
1137,0.99940544,0.00059454795
1138,0.9997758,0.00022414351
1139,0.99973834,0.00026167062
1140,0.9998891,0.00011093218
1141,0.49219877,0.50780123
1142,0.1934517,0.8065483
1143,0.99909747,0.0009025038
1144,0.9994873,0.00051271974
1145,0.0028495193,0.9971505
1146,0.9603104,0.039689586
1147,0.9993963,0.00060369156
1148,0.9995235,0.00047650363
1149,0.998086,0.0019140053
1150,0.38918483,0.61081517
1151,0.009047151,0.99095285
1152,0.99927443,0.00072555826
1153,0.99776,0.0022399833
1154,0.9994167,0.0005833141
1155,0.99805266,0.001947324
1156,0.999884,0.00011600836
1157,0.9994091,0.00059089286
1158,0.9995779,0.0004221063
1159,0.011203051,0.98879695
1160,0.9993962,0.00060379773
1161,0.27364075,0.72635925
1162,0.61362064,0.38637936
1163,0.004611373,0.9953886
1164,0.98753583,0.012464172
1165,0.9963626,0.0036374019
1166,0.99914336,0.00085663085
1167,0.99857616,0.0014238653
1168,0.8759859,0.12401408
1169,0.80185056,0.19814947
1170,0.078003705,0.9219963
1171,0.98976487,0.010235102
1172,0.99414647,0.00585355
1173,0.9979019,0.0020980602
1174,0.003942251,0.99605775
1175,0.9994244,0.0005756247
1176,0.7568687,0.24313131
1177,0.9996802,0.0003197939
1178,0.9949407,0.0050593168
1179,0.9997583,0.00024169669
1180,0.9886334,0.011366589
1181,0.9991014,0.0008986151
1182,0.021460652,0.97853935
1183,0.017692327,0.9823077
1184,0.99941576,0.00058423297
1185,0.9851616,0.014838381
1186,0.9987632,0.0012368142
1187,0.9611619,0.0388381
1188,0.9985087,0.0014912828
1189,0.9991707,0.00082928804
1190,0.99822456,0.0017754617
1191,0.9997291,0.0002708872
1192,0.99966276,0.0003372136
1193,0.9985088,0.0014911721
1194,0.9992373,0.00076267903
1195,0.9777515,0.022248492
1196,0.99895364,0.0010463812
1197,0.9901214,0.009878586
1198,0.014219463,0.98578054
1199,0.99958974,0.00041027225
1200,0.0065401793,0.9934598
1201,0.9981344,0.0018656303
1202,0.9978433,0.002156686
1203,0.94803804,0.051961984
1204,0.9991611,0.0008388882
1205,0.9902129,0.009787106
1206,0.9557505,0.04424948
1207,0.99977434,0.0002256914
1208,0.23796284,0.76203716
1209,0.016599715,0.9834003
1210,0.9795694,0.02043063
1211,0.9998055,0.00019448463
1212,0.9961994,0.0038005835
1213,0.99981093,0.00018909508
1214,0.9936512,0.006348781
1215,0.9964662,0.0035337515
1216,0.99964386,0.00035611712
1217,0.95509326,0.044906758
1218,0.014209628,0.9857904
1219,0.99986655,0.00013347995
1220,0.9971365,0.0028635075
1221,0.9999034,9.661579e-05
1222,0.99937266,0.0006273668
1223,0.08135629,0.9186437
1224,0.9992116,0.0007884203
1225,0.999901,9.900364e-05
1226,0.99964887,0.00035111277
1227,0.25381225,0.74618775
1228,0.98696274,0.013037291
1229,0.9975931,0.0024069152
1230,0.9965263,0.0034737035
1231,0.9980257,0.00197426
1232,0.9991076,0.0008924212
1233,0.9914207,0.008579303
1234,0.99953544,0.00046456716
1235,0.998336,0.0016639758
1236,0.9995452,0.00045478562
1237,0.9989578,0.0010421938
1238,0.99933803,0.0006619516
1239,0.9997942,0.00020583403
1240,0.9978183,0.002181703
1241,0.025070548,0.97492945
1242,0.38588697,0.61411303
1243,0.9938996,0.006100389
1244,0.99826443,0.0017355583
1245,0.99899,0.0010100261
1246,0.9919468,0.008053176
1247,0.03206116,0.96793884
1248,0.9986447,0.0013552939
1249,0.9973118,0.0026882167
1250,0.81164336,0.18835665
1251,0.9968568,0.0031432095
1252,0.99709624,0.0029037418
1253,0.9980461,0.0019539003
1254,0.9999188,8.1209284e-05
1255,0.99576557,0.0042344197
1256,0.9986214,0.0013786146
1257,0.9966139,0.0033860563
1258,0.99906635,0.00093364384
1259,0.99908954,0.0009104316
1260,0.9965899,0.0034101072
1261,0.99975586,0.00024415273
1262,0.5953882,0.40461186
1263,0.9989107,0.0010892506
1264,0.024123847,0.97587615
1265,0.005435109,0.9945649
1266,0.99976045,0.00023954158
1267,0.3102523,0.6897477
1268,0.028608263,0.97139174
1269,0.99757206,0.0024279093
1270,0.99890876,0.0010912187
1271,0.97591215,0.024087857
1272,0.71312416,0.28687584
1273,0.9994582,0.0005418037
1274,0.99898934,0.0010106744
1275,0.99097484,0.009025131
1276,0.9987141,0.0012859403
1277,0.9980078,0.0019922242
1278,0.99967945,0.00032054845
1279,0.9996524,0.0003475941
1280,0.9993863,0.0006137017
1281,0.83857363,0.16142638
1282,0.99935246,0.0006475482
1283,0.9977946,0.0022053996
1284,0.9959639,0.0040361336
1285,0.99967164,0.00032835128
1286,0.9995772,0.00042277438
1287,0.9983354,0.0016645691
1288,0.942414,0.057586033
1289,0.99939704,0.00060296815
1290,0.9482142,0.051785856
1291,0.99951303,0.00048697484
1292,0.9651349,0.034865055
1293,0.99988157,0.00011841567
1294,0.99797183,0.0020281572
1295,0.99927944,0.00072058564
1296,0.9989092,0.0010907952
1297,0.004292786,0.9957072
1298,0.005985558,0.99401444
1299,0.978506,0.02149396
1300,0.8890466,0.11095339
1301,0.99980086,0.00019914021
1302,0.0139788985,0.9860211
1303,0.9995861,0.0004138862
1304,0.9884187,0.011581304
1305,0.6404325,0.35956752
1306,0.9995561,0.00044388906
1307,0.9922113,0.0077886973
1308,0.02634257,0.9736574
1309,0.998086,0.0019140043
1310,0.99984574,0.00015423965
1311,0.99722546,0.0027745124
1312,0.9969621,0.0030379493
1313,0.99948496,0.00051503076
1314,0.9941295,0.005870526
1315,0.96957904,0.030420955
1316,0.9977301,0.002269932
1317,0.032285392,0.9677146
1318,0.9993125,0.0006874773
1319,0.9973251,0.0026748881
1320,0.99764895,0.0023510666
1321,0.9908452,0.009154805
1322,0.02415812,0.9758419
1323,0.9996517,0.0003483003
1324,0.99965966,0.0003403484
1325,0.99933606,0.00066392985
1326,0.9964599,0.0035401175
1327,0.99944264,0.00055737305
1328,0.99863935,0.0013606722
1329,0.98399293,0.016007043
1330,0.9997827,0.000217306
1331,0.99959123,0.00040878577
1332,0.03711921,0.9628808
1333,0.9994314,0.00056864554
1334,0.99733037,0.0026696522
1335,0.9996629,0.0003371191
1336,0.23365498,0.766345
1337,0.9994931,0.00050690694
1338,0.99974406,0.0002559652
1339,0.93263084,0.067369156
1340,0.9881659,0.011834074
1341,0.8576022,0.14239782
1342,0.99970055,0.00029946328
1343,0.99928105,0.0007189329
1344,0.9984127,0.0015872696
1345,0.9989074,0.0010925917
1346,0.9990011,0.0009989357
1347,0.9922046,0.0077954186
1348,0.95085466,0.049145326
1349,0.99927056,0.00072945846
1350,0.00023025274,0.99976975
1351,0.09428662,0.9057134
1352,0.9987385,0.0012614555
1353,0.89335316,0.10664686
1354,0.013196409,0.9868036
1355,0.99981976,0.00018022466
1356,0.97869164,0.021308368
1357,0.9983565,0.0016434963
1358,0.99399334,0.006006633
1359,0.8157817,0.18421827
1360,0.99905837,0.00094160845
1361,0.14273167,0.85726833
1362,0.99991393,8.60713e-05
1363,0.9996683,0.0003317138
1364,0.04846102,0.951539
1365,0.0052072406,0.99479276
1366,0.99949837,0.0005016087
1367,0.9997381,0.0002618738
1368,0.9879087,0.0120912865
1369,0.9991276,0.0008723518
1370,0.11786342,0.8821366
1371,0.9957588,0.004241245
1372,0.99740106,0.0025989297
1373,0.9996911,0.00030885293
1374,0.9994225,0.00057752506
1375,0.016131341,0.98386866
1376,0.99989367,0.00010632783
1377,0.1144771,0.8855229
1378,0.9980512,0.0019487613
1379,0.997274,0.0027260273
1380,0.99982464,0.00017534068
1381,0.99830383,0.0016961575
1382,0.99931633,0.0006836672
1383,0.999468,0.00053199474
1384,0.999357,0.0006430286
1385,0.99292356,0.007076469
1386,0.004074931,0.99592507
1387,0.9973161,0.002683884
1388,0.9983641,0.0016359324
1389,0.99978846,0.00021151677
1390,0.9926023,0.0073977145
1391,0.9976779,0.0023220864
1392,0.9994995,0.0005004921
1393,0.6145412,0.3854588
1394,0.9843351,0.015664848
1395,0.9996453,0.00035470998
1396,0.016497552,0.98350245
1397,0.99742687,0.0025731432
1398,0.9990625,0.0009375004
1399,0.99943453,0.0005654958
1400,0.9988405,0.0011595064
1401,0.9987686,0.0012313965
1402,0.9997719,0.00022808461
1403,0.99778676,0.002213239
1404,0.9992575,0.00074252306
1405,0.9992515,0.0007485246
1406,0.860682,0.13931802
1407,0.555228,0.444772
1408,0.99955916,0.00044085138
1409,0.9986843,0.0013157105
1410,0.9024552,0.09754482
1411,0.05925268,0.9407473
1412,0.07774383,0.9222562
1413,0.9993084,0.0006915679
1414,0.029106736,0.97089326
1415,0.74085677,0.25914323
1416,0.9997467,0.0002533237
1417,0.0062230825,0.9937769
1418,0.9981104,0.0018896061
1419,0.99985206,0.00014794098
1420,0.9956985,0.0043015014
1421,0.99992126,7.8749596e-05
1422,0.9982837,0.0017163384
1423,0.9867405,0.013259486
1424,0.10005528,0.8999447
1425,0.99909395,0.00090605667
1426,0.007242441,0.99275756
1427,0.004668176,0.9953318
1428,0.9999082,9.182088e-05
1429,0.015944004,0.984056
1430,0.99785775,0.0021422347
1431,0.99943036,0.00056962034
1432,0.9969169,0.003083081
1433,0.99975747,0.00024252124
1434,0.9973066,0.0026934147
1435,0.9876922,0.0123078395
1436,0.99836296,0.0016370144
1437,0.9983384,0.0016616272
1438,0.999869,0.00013104042
1439,0.9999256,7.438728e-05
1440,0.52159923,0.47840077
1441,0.9997115,0.00028847193
1442,0.9994802,0.0005198219
1443,0.28614807,0.7138519
1444,0.999324,0.000676
1445,0.99547595,0.004524038
1446,0.9988192,0.0011808218
1447,0.9993701,0.0006298778
1448,0.9993592,0.0006408075
1449,0.015128791,0.9848712
1450,0.99894303,0.0010569964
1451,0.92594826,0.07405174
1452,0.23058099,0.769419
1453,0.99994045,5.9541246e-05
1454,0.9985381,0.0014619421
1455,0.11839473,0.88160527
1456,0.99942565,0.0005743691
1457,0.9992778,0.0007222019
1458,0.998878,0.0011219735
1459,0.999138,0.00086199195
1460,0.99959064,0.0004093885
1461,0.9908702,0.009129825
1462,0.999182,0.0008180178
1463,0.026860535,0.97313946
1464,0.9998547,0.0001453375
1465,0.9992806,0.00071943353
1466,0.99728847,0.0027115366
1467,0.99606866,0.0039313682
1468,0.33707803,0.66292197
1469,0.9934093,0.0065907175
1470,0.9996489,0.00035106874
1471,0.0055163503,0.99448365
1472,0.99931556,0.00068444235
1473,0.99964523,0.0003547852
1474,0.99945086,0.00054914434
1475,0.99987596,0.00012403964
1476,0.99627197,0.003728054
1477,0.98051035,0.019489616
1478,0.9990278,0.0009721845
1479,0.9993369,0.00066308724
1480,0.999766,0.00023400772
1481,0.9989278,0.0010722225
1482,0.999692,0.0003080049
1483,0.99980927,0.00019070969
1484,0.9996795,0.00032048338
1485,0.98986024,0.010139735
1486,0.99960226,0.0003977199
1487,0.99775404,0.0022459817
1488,0.92849493,0.07150506
1489,0.9998807,0.00011935739
1490,0.9536895,0.046310473
1491,0.98861307,0.011386926
1492,0.9992903,0.00070968596
1493,0.9996226,0.0003774254
1494,0.97554904,0.024450941
1495,0.36365294,0.63634706
1496,0.87208545,0.12791458
1497,0.93715537,0.06284461
1498,0.9986729,0.001327112
1499,0.9997432,0.00025679945
1500,0.99979866,0.00020135078
1501,0.9993856,0.0006143791
1502,0.30939668,0.6906033
1503,0.99921453,0.00078547874
1504,0.9926298,0.007370164
1505,0.9994797,0.0005202975
1506,0.85021794,0.14978203
1507,0.9890126,0.010987394
1508,0.3181607,0.6818393
1509,0.9975499,0.0024501232
1510,0.8527476,0.1472524
1511,0.99238473,0.0076152654
1512,0.009495556,0.99050444
1513,0.81290096,0.18709902
1514,0.97460395,0.02539606
1515,0.99783385,0.0021661518
1516,0.9996156,0.0003843945
1517,0.99041295,0.009587078
1518,0.32968563,0.6703144
1519,0.9993519,0.0006481091
1520,0.98930603,0.010693965
1521,0.99884844,0.0011515624
1522,0.026379824,0.9736202
1523,0.99987197,0.0001280442
1524,0.99438494,0.005615055
1525,0.9984735,0.0015264985
1526,0.99193025,0.00806977
1527,0.99884915,0.0011508683
1528,0.99837786,0.0016221366
1529,0.99468774,0.005312258
1530,0.9993795,0.0006205039
1531,0.99700683,0.0029931688
1532,0.9735226,0.026477411
1533,0.99956465,0.00043533745
1534,0.0031383038,0.9968617
1535,0.9997814,0.0002185738
1536,0.9986508,0.0013491889
1537,0.99945253,0.0005474683
1538,0.99898386,0.0010161259
1539,0.9963874,0.003612603
1540,0.9968553,0.0031446994
1541,0.99948895,0.0005110494
1542,0.9987455,0.0012545234
1543,0.9978896,0.0021104077
1544,0.97185254,0.02814747
1545,0.99943304,0.0005669822
1546,0.9980443,0.0019557006
1547,0.1299851,0.8700149
1548,0.026269197,0.9737308
1549,0.063325465,0.93667454
1550,0.9993953,0.0006046889
1551,0.9994204,0.0005795794
1552,0.9994379,0.0005620854
1553,0.99918944,0.00081056537
1554,0.99969274,0.00030725935
1555,0.011958122,0.9880419
1556,0.9997426,0.00025736468
1557,0.9998229,0.00017710935
1558,0.99734133,0.0026586636
1559,0.9990437,0.00095629715
1560,0.98889965,0.011100338
1561,0.9974838,0.0025162117
1562,0.9993773,0.00062269357
1563,0.9951603,0.004839697
1564,0.0023525357,0.99764746
1565,0.9985347,0.001465306
1566,0.011920512,0.9880795
1567,0.9738934,0.026106618
1568,0.979567,0.020432986
1569,0.9954799,0.0045201015
1570,0.99784315,0.0021568493
1571,0.9997831,0.0002169185
1572,0.9807655,0.019234506
1573,0.05815369,0.9418463
1574,0.99979323,0.00020676642
1575,0.99830866,0.0016913337
1576,0.9897573,0.010242713
1577,0.9935037,0.0064962967
1578,0.9985828,0.0014172136
1579,0.9945589,0.005441112
1580,0.9997877,0.00021229647
1581,0.9996585,0.00034145467
1582,0.9997692,0.0002307913
1583,0.9987905,0.0012095218
1584,0.99928725,0.000712754
1585,0.99968374,0.00031623786
1586,0.99520594,0.0047940793
1587,0.9997722,0.00022778143
1588,0.9995449,0.00045507355
1589,0.99948543,0.00051457563
1590,0.9996225,0.00037748244
1591,0.019845724,0.9801543
1592,0.99959105,0.00040896275
1593,0.99430716,0.0056928475
1594,0.1435005,0.8564995
1595,0.98723125,0.0127687175
1596,0.99987745,0.00012255007
1597,0.00955987,0.99044013
1598,0.006636262,0.99336374
1599,0.99980724,0.00019275812
1600,0.9997601,0.00023990155
1601,0.014642775,0.9853572
1602,0.9997876,0.00021234507
1603,0.99977523,0.00022477334
1604,0.022444606,0.9775554
1605,0.016876757,0.98312324
1606,0.99953496,0.0004650612
1607,0.0037937164,0.9962063
1608,0.9996269,0.00037312132
1609,0.9989438,0.0010561892
1610,0.9957711,0.0042288858
1611,0.99069256,0.009307423
1612,0.9998889,0.00011110219
1613,0.99949217,0.00050784706
1614,0.97045845,0.029541539
1615,0.9985349,0.0014650653
1616,0.9997674,0.00023257283
1617,0.006922126,0.9930779
1618,0.9997653,0.00023473352
1619,0.99537134,0.0046286285
1620,0.998441,0.0015589946
1621,0.99876374,0.001236273
1622,0.99102986,0.008970152
1623,0.99956906,0.00043096257
1624,0.9997479,0.00025214825
1625,0.27878916,0.72121084
1626,0.99936295,0.00063705706
1627,0.10188365,0.89811635
1628,0.09805828,0.9019417
1629,0.99989223,0.00010776968
1630,0.99983835,0.00016163732
1631,0.9997052,0.00029477832
1632,0.98811066,0.011889366
1633,0.99801165,0.0019883353
1634,0.9907986,0.009201411
1635,0.9997212,0.00027879942
1636,0.9992598,0.0007401842
1637,0.9986522,0.0013477607
1638,0.9942846,0.005715459
1639,0.983993,0.016007014
1640,0.99935466,0.00064535823
1641,0.9729722,0.02702778
1642,0.9993099,0.00069011684
1643,0.9986324,0.0013676129
1644,0.8272939,0.17270613
1645,0.9990703,0.0009297021
1646,0.99970496,0.0002950148
1647,0.9999024,9.757583e-05
1648,0.99822986,0.0017701531
1649,0.9996697,0.00033032367
1650,0.9996869,0.00031307634
1651,0.99237275,0.0076272534
1652,0.2364217,0.7635783
1653,0.018423796,0.9815762
1654,0.9969915,0.0030085065
1655,0.99451536,0.00548464
1656,0.9984792,0.0015207916
1657,0.28839433,0.71160567
1658,0.9994006,0.0005993848
1659,0.81365824,0.18634176
1660,0.3973543,0.6026457
1661,0.9986991,0.001300857
1662,0.9997366,0.00026340326
1663,0.99226636,0.0077336463
1664,0.9887728,0.011227175
1665,0.9998519,0.00014813578
1666,0.9989451,0.0010548573
1667,0.9991176,0.000882391
1668,0.9834592,0.016540831
1669,0.010063946,0.98993605
1670,0.99939734,0.0006026682
1671,0.9996329,0.00036709404
1672,0.9997738,0.00022622138
1673,0.99970526,0.00029473647
1674,0.9994007,0.00059933844
1675,0.9982416,0.0017583683
1676,0.999368,0.00063196133
1677,0.9970457,0.002954291
1678,0.99946517,0.00053485675
1679,0.9997526,0.00024740334
1680,0.5391549,0.46084508
1681,0.9991327,0.0008672824
1682,0.9955297,0.0044702897
1683,0.9955097,0.004490343
1684,0.99957055,0.00042945993
1685,0.99977976,0.00022023289
1686,0.9959992,0.004000766
1687,0.99923766,0.0007623688
1688,0.9997921,0.00020787754
1689,0.9615457,0.038454305
1690,0.00089257956,0.9991074
1691,0.0047686696,0.99523133
1692,0.051163852,0.94883615
1693,0.9995194,0.00048057816
1694,0.06251651,0.9374835
1695,0.99736404,0.0026359602
1696,0.027439594,0.9725604
1697,0.99972117,0.00027883504
1698,0.9980181,0.0019819085
1699,0.9990705,0.0009294664
1700,0.9943042,0.0056958282
1701,0.9970885,0.002911493
1702,0.99978584,0.00021413324
1703,0.16137755,0.83862245
1704,0.9998483,0.00015169838
1705,0.99845153,0.0015484625
1706,0.99479336,0.005206648
1707,0.99411076,0.005889209
1708,0.9998021,0.00019789474
1709,0.99751985,0.0024801253
1710,0.9993906,0.0006094043
1711,0.9989849,0.0010151254
1712,0.33449817,0.66550183
1713,0.99526626,0.004733731
1714,0.9990278,0.00097222894
1715,0.9982994,0.0017006018
1716,0.012224674,0.9877753
1717,0.95182556,0.048174452
1718,0.0036844611,0.99631554
1719,0.9987261,0.0012738846
1720,0.9043597,0.09564033
1721,0.9994214,0.0005785716
1722,0.9999172,8.2797116e-05
1723,0.9982809,0.0017191235
1724,0.0033102036,0.9966898
1725,0.99573606,0.004263922
1726,0.94189715,0.058102846
1727,0.99945307,0.00054694834
1728,0.9959252,0.0040748008
1729,0.8270899,0.17291006
1730,0.99996215,3.7836788e-05
1731,0.0019330382,0.99806696
1732,0.9994167,0.0005832921
1733,0.85305375,0.14694624
1734,0.05440539,0.9455946
1735,0.9977946,0.0022053565
1736,0.99964404,0.00035595286
1737,0.9995963,0.00040369722
1738,0.99971837,0.00028162322
1739,0.995783,0.0042170496
1740,0.99886227,0.0011377155
1741,0.25268137,0.7473186
1742,0.99967545,0.00032454103
1743,0.9993222,0.00067782216
1744,0.998417,0.0015829562
1745,0.9998919,0.000108118096
1746,0.9991622,0.0008378241
1747,0.026568055,0.97343194
1748,0.9999142,8.5780084e-05
1749,0.9298585,0.07014149
1750,0.99745363,0.0025463498
1751,0.999684,0.0003160016
1752,0.9991883,0.00081169384
1753,0.9920419,0.007958101
1754,0.9993101,0.00068990403
1755,0.022383094,0.9776169
1756,0.9941063,0.0058937026
1757,0.024933517,0.9750665
1758,0.967881,0.032118972
1759,0.99969935,0.00030067054
1760,0.9987271,0.0012729221
1761,0.6013921,0.3986079
1762,0.8969705,0.10302952
1763,0.9978129,0.002187066
1764,0.9995536,0.00044638728
1765,0.9994301,0.000569871
1766,0.67251635,0.32748362
1767,0.99925846,0.0007415242
1768,0.98347664,0.016523372
1769,0.9996862,0.00031379022
1770,0.99687266,0.0031273123
1771,0.99832124,0.0016787715
1772,0.9991436,0.0008563775
1773,0.992978,0.0070219953
1774,0.84179676,0.15820326
1775,0.99964625,0.00035375412
1776,0.9993017,0.00069831486
1777,0.99940956,0.00059046526
1778,0.9996572,0.00034278329
1779,0.99193305,0.008066962
1780,0.9996278,0.00037218572
1781,0.99956113,0.00043886897
1782,0.78851044,0.21148957
1783,0.9993414,0.0006586005
1784,0.9998221,0.0001779091
1785,0.9992336,0.00076641986
1786,0.93176544,0.068234585
1787,0.99925584,0.00074418884
1788,0.99899715,0.0010028395
1789,0.99929255,0.0007074751
1790,0.99994147,5.8545353e-05
1791,0.99981207,0.00018793679
1792,0.8821403,0.11785972
1793,0.99593157,0.0040684585
1794,0.99098724,0.009012734
1795,0.9912275,0.0087725185
1796,0.10166299,0.898337
1797,0.9997933,0.00020672283
1798,0.99690497,0.003095028
1799,0.15497655,0.84502345
1800,0.0007365346,0.99926347
1801,0.9997872,0.00021279763
1802,0.9917811,0.008218892
1803,0.9801626,0.019837402
1804,0.9935743,0.006425676
1805,0.99850935,0.0014906311
1806,0.9998382,0.00016180665
1807,0.0027377605,0.99726224
1808,0.97888136,0.02111867
1809,0.9970377,0.0029623203
1810,0.99977213,0.00022784424
1811,0.99959445,0.00040557282
1812,0.9998881,0.000111871246
1813,0.9995881,0.00041194368
1814,0.9997373,0.0002626717
1815,0.9996078,0.00039222682
1816,0.9998435,0.00015653021
1817,0.008363426,0.9916366
1818,0.99979305,0.00020693464
1819,0.99038476,0.009615217
1820,0.9921008,0.007899204
1821,0.9993434,0.00065663375
1822,0.0025226474,0.99747735
1823,0.99868965,0.0013103199
1824,0.9985332,0.0014667859
1825,0.9982818,0.0017182267
1826,0.9991716,0.00082838297
1827,0.9931768,0.006823192
1828,0.99952465,0.0004753339
1829,0.9994717,0.00052830233
1830,0.994611,0.005388995
1831,0.9888821,0.0111178765
1832,0.013219774,0.9867802
1833,0.08544016,0.91455984
1834,0.9620867,0.037913345
1835,0.9851986,0.014801384
1836,0.99572045,0.004279582
1837,0.99973917,0.00026082003
1838,0.725133,0.274867
1839,0.9990484,0.00095161126
1840,0.9998006,0.00019939385
1841,0.99683297,0.003167049
1842,0.9914059,0.008594102
1843,0.99988896,0.00011102964
1844,0.99980414,0.0001958455
1845,0.0055429935,0.994457
1846,0.99929297,0.0007070306
1847,0.0110349655,0.98896503
1848,0.22204685,0.77795315
1849,0.999707,0.0002930237
1850,0.9930843,0.0069156894
1851,0.9996134,0.00038657812
1852,0.23664188,0.7633581
1853,0.9887096,0.011290378
1854,0.8991306,0.10086942
1855,0.9990887,0.0009113086
1856,0.9989166,0.0010833844
1857,0.9991953,0.0008047168
1858,0.068455994,0.931544
1859,0.9996469,0.00035310414
1860,0.9999401,5.9884842e-05
1861,0.99990344,9.655647e-05
1862,0.021101058,0.97889894
1863,0.99773884,0.0022611583
1864,0.99851024,0.0014897464
1865,0.10745466,0.89254534
1866,0.5761517,0.42384824
1867,0.99976134,0.00023866138
1868,0.9676448,0.032355186
1869,0.99922514,0.0007748496
1870,0.060687006,0.939313
1871,0.99903756,0.00096244545
1872,0.9998757,0.00012429207
1873,0.9988164,0.001183636
1874,0.99414724,0.0058527538
1875,0.99883646,0.0011635504
1876,0.9995632,0.0004367682
1877,0.019648373,0.9803516
1878,0.99698913,0.0030108902
1879,0.9710484,0.028951587
1880,0.9991043,0.0008956532
1881,0.9997795,0.000220468
1882,0.9959028,0.0040971944
1883,0.9969882,0.0030118206
1884,0.99992186,7.813048e-05
1885,0.99986553,0.00013448091
1886,0.99974954,0.0002504839
1887,0.9926602,0.0073397513
1888,0.005971074,0.9940289
1889,0.9998748,0.00012522892
1890,0.9994353,0.00056471105
1891,0.99959356,0.00040646808
1892,0.0074372888,0.9925627
1893,0.99970627,0.00029370224
1894,0.9998418,0.00015817734
1895,0.87777853,0.12222144
1896,0.9995802,0.00041982174
1897,0.99966997,0.0003300498
1898,0.998616,0.001384014
1899,0.9994434,0.00055656716
1900,0.9990572,0.0009428388
1901,0.98779786,0.012202132
1902,0.999037,0.000962971
1903,0.9994946,0.0005054139
1904,0.9982631,0.001736874
1905,0.99900365,0.0009963613
1906,0.9965221,0.0034778637
1907,0.9997739,0.00022605859
1908,0.9999302,6.979572e-05
1909,0.9987809,0.0012190779
1910,0.9356922,0.0643078
1911,0.99877965,0.0012203429
1912,0.9973608,0.0026392017
1913,0.9999519,4.8114434e-05
1914,0.999749,0.00025101512
1915,0.9998571,0.00014287762
1916,0.69744754,0.3025525
1917,0.6158892,0.3841108
1918,0.9995769,0.00042304632
1919,0.048228025,0.951772
1920,0.0031847358,0.99681526
1921,0.99989295,0.000107065775
1922,0.98835355,0.011646438
1923,0.99941903,0.00058096595
1924,0.8302839,0.16971609
1925,0.99960095,0.00039904495
1926,0.3077895,0.6922105
1927,0.9991095,0.0008904736
1928,0.996931,0.003069001
1929,0.8331787,0.16682129
1930,0.99878895,0.0012110681
1931,0.9998426,0.00015740999
1932,0.9975723,0.0024277037
1933,0.96382654,0.036173437
1934,0.99972844,0.00027153362
1935,0.99919116,0.00080884056
1936,0.99874276,0.0012572358
1937,0.84517694,0.15482306
1938,0.9996783,0.00032167503
1939,0.9998495,0.00015048402
1940,0.99835706,0.0016429472
1941,0.9997301,0.0002698607
1942,0.0117203,0.9882797
1943,0.99967057,0.000329434
1944,0.054735303,0.9452647
1945,0.9967295,0.0032705334
1946,0.91839856,0.08160146
1947,0.99997205,2.7981096e-05
1948,0.0027504563,0.99724954
1949,0.9998804,0.00011963531
1950,0.13314694,0.86685306
1951,0.9979375,0.002062508
1952,0.9998582,0.00014177333
1953,0.9992813,0.0007187243
1954,0.99971724,0.00028276315
1955,0.9996626,0.0003374001
1956,0.054717183,0.9452828
1957,0.9967455,0.0032544446
1958,0.9932876,0.0067123496
1959,0.9996233,0.00037670665
1960,0.011190116,0.9888099
1961,0.9993671,0.0006328886
1962,0.98266375,0.017336247
1963,0.7792941,0.22070591
1964,0.9994133,0.000586693
1965,0.99863553,0.0013644957
1966,0.90328574,0.096714266
1967,0.99130213,0.008697848
1968,0.9977726,0.0022274144
1969,0.99914855,0.0008514427
1970,0.9930229,0.0069770734
1971,0.99658203,0.0034179708
1972,0.9997367,0.00026324962
1973,0.9992075,0.0007925256
1974,0.98256296,0.017437067
1975,0.9450784,0.05492161
1976,0.81739295,0.18260708
1977,0.9989339,0.0010660706
1978,0.11257094,0.88742906
1979,0.99949324,0.000506769
1980,0.9939111,0.0060889362
1981,0.121258914,0.8787411
1982,0.9994335,0.00056648685
1983,0.9995369,0.00046314648
1984,0.99882954,0.0011704643
1985,0.0033743382,0.99662566
1986,0.99812627,0.0018737244
1987,0.9994863,0.0005136482
1988,0.99974996,0.00025005225
1989,0.0012047291,0.9987953
1990,0.62888664,0.37111336
1991,0.9895133,0.010486696
1992,0.9985999,0.0014001048
1993,0.9976967,0.002303312
1994,0.9847159,0.015284106
1995,0.99968874,0.0003112802
1996,0.99939317,0.0006068592
1997,0.95548743,0.044512555
1998,0.9820641,0.017935898
1999,0.9492936,0.0507064
2000,0.9994512,0.00054878957
2001,0.99865854,0.0013414832
2002,0.99845666,0.0015433244
2003,0.9909515,0.00904854
2004,0.07433957,0.92566043
2005,0.9991378,0.00086216815
2006,0.9995499,0.00045005445
2007,0.9557515,0.04424852
2008,0.9982942,0.0017058231
2009,0.99927306,0.0007269654
2010,0.9984125,0.0015875159
2011,0.5378592,0.4621408
2012,0.062353253,0.93764675
2013,0.99986446,0.00013552594
2014,0.9995313,0.00046865654
2015,0.99371,0.006290021
2016,0.053162277,0.9468377
2017,0.9861829,0.013817101
2018,0.9858971,0.014102868
2019,0.99304986,0.006950141
2020,0.99934703,0.0006529839
2021,0.9994062,0.00059377606
2022,0.99716204,0.0028379478
2023,0.9998779,0.00012208038
2024,0.9997404,0.00025959002
2025,0.99885887,0.0011411058
